Metric,Value
RMSE,156.1543101131367
MAE,107.3087583747887
MAPE,30.694400876338474
MSE,24384.168566909666
