Metric,Value
RMSE,216.4069693131997
MAE,159.8903034524688
MAPE,47.53530127895811
MSE,46831.97636732416
