Metric,Value
RMSE,136.17941030186125
MAE,92.23235167822136
MAPE,25.968606451608085
MSE,18544.831790162672
