Metric,Value
RMSE,146.00375598333702
MAE,108.5675309203901
MAPE,33.679036114393575
MSE,21317.09676124182
