Metric,Value
RMSE,195.47857520691778
MAE,150.32014275157118
MAPE,44.225916303467876
MSE,38211.87336492661
