Metric,Value
RMSE,92.16120750020362
MAE,60.72808143223649
MAPE,18.41074700325631
MSE,8493.688167895587
