Metric,Value
RMSE,122.22664144789077
MAE,81.50186497341278
MAPE,23.46209716685379
MSE,14939.351879631251
