Metric,Value
RMSE,44.68782096380668
MAE,31.464284596958954
MAPE,34.93669008813443
MSE,1997.00134249324
