Metric,Value
RMSE,43.42235461454913
MAE,27.72486856827048
MAPE,28.895297661541186
MSE,1885.500880271656
