Metric,Value
RMSE,58.312452999182035
MAE,40.38382851937382
MAPE,47.02980962478384
MSE,3400.342174781814
