Metric,Value
RMSE,41.64047242388368
MAE,25.969819181302608
MAPE,27.452546566868914
MSE,1733.928943684217
