Metric,Value
RMSE,34.23842660545296
MAE,20.91716932786353
MAPE,20.688775174494417
MSE,1172.269856416989
