Metric,Value
RMSE,39.51320601276547
MAE,23.00010994916462
MAPE,23.131013712724975
MSE,1561.2934494072456
