Metric,Value
RMSE,51.74498476097671
MAE,35.98251715780781
MAPE,36.01415102167483
MSE,2677.5434479137125
